Station ID, Station Name, First Year, Last Year, Year Range, % Complete, MSL Trends (mm/yr), +/- 95% CI (mm/yr) , MSL Trend (ft/century), +/- 95% CI (ft/century), Latitude, Longitude
010-001,"Reykjavik, Iceland",1956,2022,67,98,2.41,0.36,0.79,0.12,64.15,-21.9333
015-011,"Torshavn, Denmark",1957,2006,50,84,1.8,0.4,0.59,0.13,62.0167,-6.7667
025-001,"Barentsburg, Norway",1948,2022,75,92,-2.56,0.43,-0.84,0.14,78.0667,14.25
025-021,"Ny-Alesund, Norway",1976,2022,47,90,-5.14,0.6,-1.69,0.2,78.9285,11.938
030-003,"Russkaya Gavan II, Russia",1953,1993,41,98,-0.54,1.05,-0.18,0.34,76.2,62.5833
030-018,"Murmansk, Russia",1952,2022,71,98,2.42,0.65,0.79,0.21,68.9667,33.05
030-345,"Dikson, Russia",1950,2020,71,79,1.9,0.91,0.62,0.3,73.5,80.4
030-447,"Tiksi, Russia",1949,2010,62,100,1.53,0.7,0.5,0.23,71.5833,128.9167
030-725,"Providenia, Russia",1951,1983,33,99,3.42,1.3,1.12,0.43,64.4167,-173.2333
040-001,"Vardo, Norway",1947,2022,76,72,-0.09,0.39,-0.03,0.13,70.3333,31.1
040-015,"Honningsvag, Norway",1970,2022,53,97,1.45,0.63,0.48,0.21,70.9833,25.9833
040-041,"Andenes, Norway",1938,2022,85,66,-0.73,0.38,-0.24,0.12,69.3167,16.15
040-081,"Narvik, Norway",1928,2022,95,90,-1.91,0.38,-0.63,0.13,68.4333,17.4167
040-136,"Rorvik, Norway",1969,2022,54,99,-0.8,0.61,-0.26,0.2,64.8667,11.25
040-151,"Heimsjo, Norway",1928,2022,95,97,-1.22,0.25,-0.4,0.08,63.4333,9.1167
040-211,"Maloy, Norway",1943,2022,80,95,0.86,0.31,0.28,0.1,61.9333,5.1167
040-221,"Bergen, Norway",1915,2022,108,93,0.09,0.19,0.03,0.06,60.4,5.3
040-261,"Stavanger, Norway",1919,2022,104,91,0.42,0.18,0.14,0.06,58.9667,5.7333
040-301,"Tregde, Norway",1927,2022,96,98,0.37,0.16,0.12,0.05,58.0,7.5667
040-321,"Oslo, Norway",1885,2022,138,80,-3.06,0.26,-1.0,0.08,59.9,10.75
050-011,"Smogen, Sweden",1911,2022,112,100,-1.67,0.22,-0.55,0.07,58.3667,11.2167
050-032,"Goteborg - Torshamnen, Sweden",1887,2022,54,99,-0.98,0.34,-0.32,0.11,57.6833,11.8
050-051,"Klagshamn, Sweden",1929,2022,94,100,0.41,0.34,0.13,0.11,55.5167,12.9
050-081,"Kungholmsfort, Sweden",1887,2022,136,100,0.1,0.22,0.03,0.07,56.1,15.5833
050-091,"Olands Norra Udde, Sweden",1887,2022,136,100,-1.01,0.26,-0.33,0.08,57.3661,17.0972
050-096,"Visby, Sweden",1916,2022,107,100,-1.02,0.37,-0.34,0.12,57.6392,18.2844
050-123,"Landsort Norra, Sweden",1887,2022,136,100,-2.74,0.27,-0.9,0.09,58.7689,17.8589
050-141,"Stockholm, Sweden",1889,2022,134,100,-3.69,0.28,-1.21,0.09,59.3167,18.0833
050-191,"Ratan, Sweden",1892,2022,131,100,-7.65,0.34,-2.51,0.11,64.0,20.9167
050-201,"Furuogrund, Sweden",1916,2022,107,100,-7.82,0.48,-2.57,0.16,64.9167,21.2333
060-001,"Kemi, Finland",1920,2022,103,97,-6.69,0.52,-2.19,0.17,65.6667,24.5167
060-011,"Oulu/Uleaborg, Finland",1889,2022,134,96,-6.26,0.35,-2.05,0.12,65.0333,25.4167
060-021,"Raahe/Brahestad, Finland",1922,2022,101,94,-6.62,0.53,-2.17,0.18,64.6667,24.4
060-041,"Pietarsaari/Jakobstad, Finland",1914,2022,109,98,-7.0,0.47,-2.3,0.16,63.7,22.7
060-051,"Vaasa/Vasa, Finland",1883,2022,140,96,-7.15,0.3,-2.35,0.1,63.0833,21.5667
060-071,"Kaskinen/Kasko, Finland",1926,2022,97,98,-6.23,0.55,-2.04,0.18,62.35,21.2167
060-101,"Mantyluoto, Finland",1910,2022,113,99,-5.68,0.42,-1.86,0.14,61.6,21.4667
060-241,"Turku/Abo, Finland",1922,2022,101,98,-3.44,0.5,-1.13,0.16,60.4333,22.1
060-281,"Foglo/Degerby, Finland",1923,2022,100,96,-3.6,0.48,-1.18,0.16,60.0333,20.3833
060-331,"Hanko/Hango, Finland",1887,2022,136,90,-2.49,0.31,-0.82,0.1,60.1,23.55
060-351,"Helsinki, Finland",1879,2022,144,100,-2.15,0.29,-0.7,0.1,60.15,24.9667
060-361,"Hamina, Finland",1928,2022,95,99,-0.77,0.63,-0.25,0.21,60.5667,27.1833
080-181,"Pionersky, Russia",1926,1986,61,87,1.84,0.88,0.6,0.29,54.95,20.2167
084-161,"Klaipeda, Lithuania",1898,2018,121,92,1.49,0.36,0.49,0.12,55.7,21.1333
110-022,"Gdansk/Nowy Port, Poland",1951,1999,49,100,2.91,1.23,0.95,0.4,54.4,18.6833
110-047,"Wladyslawowo, Poland",1951,1999,49,100,2.45,1.26,0.81,0.41,54.8,18.4167
110-057,"Ustka, Poland",1951,1999,49,100,1.71,1.16,0.56,0.38,54.5833,16.8667
110-072,"Kolobrzeg, Poland",1951,1999,49,100,1.27,1.07,0.42,0.35,54.1833,15.55
110-092,"Swinoujscie, Poland",1811,1999,189,97,0.81,0.12,0.26,0.04,53.9167,14.2333
120-012,"Warnemunde, Germany",1855,2022,168,100,1.29,0.1,0.42,0.03,54.1833,12.0833
120-022,"Wismar, Germany",1848,2021,174,99,1.44,0.09,0.47,0.03,53.9,11.4667
125-001,"Travemunde, Germany",1856,2019,164,100,1.68,0.08,0.55,0.03,53.9581,10.8722
130-001,"Gedser, Denmark",1892,2017,126,99,1.2,0.15,0.39,0.05,54.5667,11.9333
130-021,"Kobenhavn, Denmark",1889,2017,129,98,0.59,0.18,0.19,0.06,55.6833,12.6
130-031,"Hornbaek, Denmark",1891,2017,127,98,0.4,0.18,0.13,0.06,56.1,12.4667
130-041,"Korsor, Denmark",1897,2017,121,98,0.83,0.17,0.27,0.05,55.3333,11.1333
130-051,"Slipshavn, Denmark",1896,2017,122,97,1.07,0.14,0.35,0.05,55.2833,10.8333
130-071,"Fredericia, Denmark",1889,2017,129,99,1.1,0.1,0.36,0.03,55.5667,9.7667
130-081,"Aarhus, Denmark",1888,2017,130,98,0.65,0.11,0.21,0.03,56.15,10.2167
130-091,"Frederikshavn, Denmark",1894,2017,124,97,0.06,0.14,0.02,0.05,57.4333,10.5667
130-101,"Hirtshals, Denmark",1892,2017,126,96,-0.22,0.19,-0.07,0.06,57.6,9.9667
130-121,"Esbjerg, Denmark",1889,2017,129,99,1.25,0.24,0.41,0.08,55.4667,8.4333
140-012,"Cuxhaven 2, Germany",1843,2020,178,100,2.12,0.14,0.69,0.04,53.8667,8.7167
150-001,"Delfzijl, Netherlands",1865,2021,157,100,1.8,0.13,0.59,0.04,53.3264,6.9331
150-021,"Harlingen, Netherlands",1865,2021,157,100,1.46,0.13,0.48,0.04,53.176,5.409
150-031,"Den Helder, Netherlands",1865,2021,157,100,1.51,0.1,0.5,0.03,52.9644,4.745
150-041,"Ijmuiden, Netherlands",1871,2021,135,100,2.1,0.13,0.69,0.04,52.4622,4.5547
150-051,"Hoek van Holland, Netherlands",1864,2021,158,100,2.4,0.1,0.79,0.03,51.9775,4.12
150-061,"Maassluis, Netherlands",1848,2021,174,100,1.69,0.1,0.56,0.03,51.9175,4.2497
150-101,"Vlissingen, Netherlands",1862,2021,135,100,2.18,0.11,0.71,0.04,51.4422,3.5961
160-011,"Zeebrugge, Belgium",1942,2022,81,74,2.63,0.29,0.86,0.09,51.35,3.2
160-021,"Oostende, Belgium",1937,2022,86,94,1.99,0.2,0.65,0.07,51.2333,2.9167
160-031,"Nieuwpoort, Belgium",1943,2022,80,72,2.45,0.31,0.8,0.1,51.15,2.7333
170-001,"Lerwick, UK",1957,2022,66,87,0.53,0.33,0.17,0.11,60.15,-1.1333
170-005,"Wick, UK",1965,2022,58,92,1.6,0.42,0.52,0.14,58.441,-3.0863
170-011,"Aberdeen I, UK",1862,2022,161,92,0.78,0.08,0.25,0.03,57.1441,-2.0774
170-053,"North Shields, UK",1895,2022,128,92,1.89,0.12,0.62,0.04,55.0,-1.4333
170-061,"Immingham, UK",1961,2022,62,86,2.28,0.51,0.75,0.17,53.6302,-0.1874
170-068,"Lowestoft, UK",1955,2022,68,94,2.69,0.29,0.88,0.1,52.4731,1.7501
170-081,"Southend, UK",1933,2015,83,78,1.22,0.19,0.4,0.06,51.5145,0.7238
170-092,"Tower Pier, UK",1929,2013,85,65,1.43,0.35,0.47,0.11,51.5,0.0833
170-101,"Sheerness, UK",1832,2022,191,52,1.71,0.09,0.56,0.03,51.45,0.75
170-111,"Dover, UK",1961,2022,62,82,2.37,0.28,0.78,0.09,51.1144,1.3227
170-131,"Portsmouth, UK",1961,2022,62,92,1.87,0.4,0.61,0.13,50.8022,-1.1113
170-157,"Devonport, UK",1961,2022,62,94,2.28,0.51,0.75,0.17,50.3684,-4.1852
170-161,"Newlyn, UK",1915,2022,108,98,1.94,0.15,0.63,0.05,50.1,-5.55
170-191,"Holyhead, UK",1938,2022,85,81,2.36,0.26,0.77,0.09,53.3139,-4.6204
170-211,"Liverpool, UK",1858,1983,126,70,1.14,0.19,0.37,0.06,53.4,-3.0
170-225,"Heysham, UK",1960,2022,63,81,2.48,0.56,0.81,0.18,54.0318,-2.9202
170-236,"Portpatrick, UK",1968,2011,44,97,2.21,0.62,0.72,0.2,54.8426,-5.12
170-241,"Millport, UK",1968,2022,55,74,1.7,0.62,0.56,0.2,55.7498,-4.9063
170-251,"Stornoway, UK",1977,2022,46,86,2.86,0.6,0.94,0.2,58.2,-6.3833
175-011,"Malin Head, Ireland",1958,2002,45,97,-1.2,0.75,-0.39,0.25,55.3667,-7.3333
175-071,"Dublin, Ireland",1938,2009,72,99,1.43,0.46,0.47,0.15,53.35,-6.2167
190-001,"Dunkerque, France",1942,2021,80,68,1.74,0.29,0.57,0.1,51.05,2.3667
190-011,"Calais, France",1941,2022,82,55,0.86,0.5,0.28,0.16,50.9694,1.8677
190-031,"Dieppe, France",1954,2022,69,73,4.37,0.38,1.43,0.13,49.9291,1.0838
190-051,"Le Havre, France",1938,2022,85,68,2.19,0.36,0.72,0.12,49.4333,0.1
190-091,"Brest, France",1807,2022,216,90,1.04,0.08,0.34,0.02,48.3833,-4.5
190-111,"St. Nazaire, France",1941,2022,82,47,1.58,0.49,0.52,0.16,47.27,-2.2
190-121,"La Rochelle-La Pallice, France",1941,2022,82,55,1.72,0.64,0.56,0.21,46.1585,-1.2207
190-126,"Port Bloc, France",1959,2022,64,53,1.74,0.58,0.57,0.19,45.5685,-1.0616
190-139,"Boucau, France",1967,2022,56,84,1.71,0.7,0.56,0.23,43.5273,-1.5148
190-141,"St. Jean de Luz (Socoa), France",1942,2021,80,57,1.7,0.46,0.56,0.15,43.4,-1.6833
200-011,"Santander, Spain",1943,2018,76,98,2.22,0.34,0.73,0.11,43.4613,-3.7908
200-030,"La Coruna, Spain",1943,2018,76,98,2.43,0.36,0.8,0.12,43.3667,-8.4
200-041,"Vigo, Spain",1943,2018,76,98,2.05,0.38,0.67,0.12,42.238,-8.731
210-021,"Cascais, Portugal",1882,1993,112,93,1.32,0.15,0.43,0.05,38.6833,-9.4167
210-031,"Lagos, Portugal",1908,1999,92,79,1.62,0.24,0.53,0.08,37.1,-8.6667
215-001,"Gibraltar, Gibraltar",1961,2014,54,68,0.59,0.93,0.19,0.3,36.1333,-5.35
220-003,"Cadiz III, Spain",1961,2018,58,98,3.57,0.57,1.17,0.19,36.5333,-6.2833
220-011,"Algeciras, Spain",1943,2002,60,82,0.43,0.3,0.14,0.1,36.1167,-5.4333
220-021,"Tarifa, Spain",1943,2018,76,94,1.27,0.43,0.42,0.14,36.0,-5.6
220-031,"Malaga, Spain",1944,2013,70,82,0.76,0.46,0.25,0.15,36.7167,-4.4167
220-052,"Alicante II, Spain",1960,2020,61,93,0.83,0.28,0.27,0.09,38.3389,-0.4812
230-006,"Port Vendres, France",1984,2022,39,77,3.2,0.69,1.05,0.23,42.5201,3.1073
230-051,"Marseille, France",1885,2022,138,97,1.31,0.12,0.43,0.04,43.3,5.35
230-061,"Toulon, France",1961,2022,62,58,1.14,0.47,0.38,0.15,43.1129,5.9147
230-081,"Nice, France",1978,2022,45,88,2.69,0.6,0.88,0.2,43.6956,7.2855
250-011,"Genova, Italy",1884,2021,138,79,1.28,0.11,0.42,0.03,44.4,8.9
270-054,"Venezia (Punta della Salute), Italy",1872,2000,129,96,2.44,0.15,0.8,0.05,45.4333,12.3333
270-061,"Trieste, Italy",1875,2021,147,87,1.32,0.14,0.43,0.05,45.6474,13.7585
280-006,"Rovinj, Croatia",1955,2018,64,99,0.75,0.42,0.24,0.14,45.0833,13.6283
280-011,"Bakar, Croatia",1930,2020,91,88,1.17,0.3,0.38,0.1,45.3,14.5333
280-021,"Split Rt Marjana, Croatia",1952,2008,57,100,0.61,0.46,0.2,0.15,43.5083,16.3917
280-031,"Split Harbour-Gradska Luka, Croatia",1954,2018,65,100,1.03,0.41,0.34,0.13,43.5067,16.4417
280-081,"Dubrovnik, Croatia",1956,2018,63,99,1.58,0.38,0.52,0.13,42.6583,18.0633
290-001,"Preveza, Greece",1969,2022,54,79,0.57,0.72,0.19,0.23,38.9591,20.7566
290-004,"Levkas, Greece",1969,2022,54,87,5.59,0.66,1.83,0.22,38.8345,20.7121
290-011,"Posidhonia, Greece",1969,2022,54,74,1.15,1.01,0.38,0.33,37.9512,22.9601
290-017,"Katakolon, Greece",1969,2022,54,89,2.28,0.54,0.75,0.18,37.6333,21.3167
290-021,"Kalamai, Greece",1969,2019,51,73,3.39,0.61,1.11,0.2,37.0167,22.1333
290-031,"Piraievs, Greece",1969,2022,54,85,0.13,0.89,0.04,0.29,37.9373,23.6267
290-034,"Khalkis North, Greece",1969,2022,54,89,0.97,0.66,0.32,0.22,38.4667,23.6
290-051,"Thessaloniki, Greece",1969,2019,51,90,4.02,0.61,1.32,0.2,40.6167,23.0333
290-065,"Alexandroupolis, Greece",1969,2022,54,87,1.88,0.58,0.62,0.19,40.85,25.8833
290-071,"Khios, Greece",1969,2015,47,86,3.79,0.8,1.24,0.26,38.3833,26.15
290-081,"Siros, Greece",1969,2022,54,87,-1.57,0.76,-0.51,0.25,37.44,24.9458
290-091,"Leros, Greece",1969,2022,54,84,1.57,0.47,0.51,0.16,37.0833,26.8833
290-110,"Rodhos, Greece",1969,2008,40,73,-0.05,1.14,-0.02,0.37,36.4333,28.2333
295-021,"Bourgas, Bulgaria",1929,1996,68,86,1.91,0.9,0.63,0.29,42.4833,27.4833
295-051,"Varna, Bulgaria",1929,1996,68,95,1.22,0.84,0.4,0.28,43.1833,27.9167
297-021,"Constantza, Romania",1933,1997,65,95,1.37,0.96,0.45,0.32,44.1667,28.6667
298-041,"Sevastopol, Ukraine",1910,1994,85,97,1.26,0.77,0.41,0.25,44.6167,33.5333
300-001,"Tuapse, Russia",1917,2022,106,99,2.26,0.48,0.74,0.16,44.1,39.0667
305-021,"Poti, Georgia",1874,2018,145,95,6.68,0.26,2.19,0.09,42.1667,41.6833
305-031,"Batumi, Georgia",1882,2018,137,87,1.9,0.34,0.62,0.11,41.6333,41.7
330-071,"Alexandria, Egypt",1944,2006,63,96,1.78,0.37,0.58,0.12,31.2167,29.9167
340-001,"Ceuta, Spain",1944,2018,75,97,0.7,0.24,0.23,0.08,35.9,-5.3167
360-001,"Ponta Delgada, Portugal",1978,2018,41,75,3.86,0.68,1.27,0.22,37.7333,-25.6667
365-010,"Funchal-B, Portugal",1976,2015,13,59,2.06,1.19,0.68,0.39,32.6511,-17.1178
370-001,"Arrecife, Spain",1949,2018,70,82,0.56,0.39,0.18,0.13,28.9718,-13.53
370-032,"Tenerife, Spain",1927,2022,33,90,1.79,0.3,0.59,0.1,28.4772,-16.2411
410-001,"Takoradi, Ghana",1929,1969,41,48,3.32,0.5,1.09,0.16,4.8833,-1.75
427-001,"Walvis Bay, Namibia",1958,2015,58,54,0.95,0.81,0.31,0.27,-22.95,14.5
427-011,"Luderitz, Namibia",1958,2015,58,68,2.06,0.6,0.68,0.2,-26.6433,15.155
430-021,"Port Nolloth, South Africa",1959,2016,58,77,1.79,0.38,0.59,0.13,-29.2567,16.8678
430-045,"Cape Town (Granger Bay), South Africa",1967,2018,52,67,2.18,1.13,0.72,0.37,-33.9053,18.4347
430-061,"Simons Bay, South Africa",1957,2018,62,77,2.1,0.22,0.69,0.07,-34.1833,18.4333
430-086,"Knysna, South Africa",1960,2018,59,73,2.12,0.75,0.7,0.25,-34.0494,23.0456
430-088,"Port Elizabeth, South Africa",1978,2021,44,80,2.27,0.65,0.75,0.21,-33.9667,25.6333
430-090,"East London, South Africa",1967,2018,52,56,0.77,1.74,0.25,0.57,-33.0272,27.9317
430-091,"Durban, South Africa",1971,2020,50,72,1.63,0.44,0.53,0.14,-29.8833,31.0
430-095,"Richards Bay, South Africa",1977,2018,42,58,1.11,1.01,0.36,0.33,-28.8119,32.0786
432-001,"Maputo, Mozambique",1961,2001,41,40,0.66,1.04,0.22,0.34,-25.9667,32.5667
450-012,"Port Louis II, Mauritius",1986,2022,37,98,4.52,1.04,1.48,0.34,-20.15,57.5
450-021,"Rodrigues Island, Mauritius",1986,2022,37,94,5.23,1.22,1.72,0.4,-19.6667,63.4167
451-001,"Pointe des Galets, Reunion",1975,2022,48,73,2.05,0.84,0.67,0.28,-20.9349,55.285
454-002,"Gan II, Maldives",1987,2018,32,94,3.39,0.73,1.11,0.24,-0.6833,73.15
460-016,"Zanzibar, Tanzania",1984,2018,35,97,1.9,0.96,0.62,0.31,-6.15,39.1833
470-002,"Mombasa II, Kenya",1986,2018,33,77,3.54,0.9,1.16,0.3,-4.0667,39.65
485-001,"Aden, Yemen",1879,2013,135,50,1.25,0.15,0.41,0.05,12.7833,44.9833
490-021,"Karachi, Pakistan",1916,2016,101,57,2.01,0.51,0.66,0.17,24.8,66.9667
500-011,"Kandla, India",1950,2021,72,79,2.4,0.52,0.79,0.17,23.0167,70.2167
500-014,"Okha, India",1975,2021,47,82,2.04,0.49,0.67,0.16,22.4667,69.0833
500-041,"Mumbai/Bombay, India",1878,2020,143,88,0.97,0.1,0.32,0.03,18.9167,72.8333
500-065,"Mormugao, India",1969,2020,52,73,2.75,0.58,0.9,0.19,15.4167,73.8
500-067,"Karwar, India",1970,2020,51,61,2.13,0.83,0.7,0.27,14.8,74.1167
500-081,"Cochin, India",1939,2021,83,85,1.9,0.27,0.62,0.09,9.9667,76.2667
500-083,"Tuticorin, India",1964,2021,58,59,-0.17,0.72,-0.05,0.24,8.75,78.2
500-087,"Nagapattinam, India",1971,2021,51,43,0.18,0.68,0.06,0.22,10.7667,79.85
500-091,"Chennai/Madras, India",1916,2015,100,61,0.55,0.34,0.18,0.11,13.1,80.3
500-101,"Visakhapatnam, India",1937,2021,85,84,1.41,0.38,0.46,0.12,17.6833,83.2833
500-106,"Paradip, India",1966,2021,56,78,2.33,0.76,0.76,0.25,20.2667,86.7
500-109,"Gangra, India",1974,2006,33,96,1.45,1.28,0.48,0.42,21.95,88.0167
500-110,"Haldia, India",1970,2020,51,96,2.74,0.66,0.9,0.22,22.0333,88.1
500-131,"Diamond Harbour, India",1948,2015,68,97,3.82,0.52,1.25,0.17,22.2,88.1667
545-001,"Ko Taphao Noi, Thailand",1940,2021,82,94,2.39,0.88,0.78,0.29,7.8333,98.4333
550-003,"Pulau Pinang, Malaysia",1984,2018,35,95,3.72,1.37,1.22,0.45,5.4217,100.3467
550-005,"Lumut, Malaysia",1984,2018,35,96,2.89,1.27,0.95,0.42,4.24,100.6133
550-007,"Pelabuhan Kelang, Malaysia",1984,2018,35,90,2.51,1.38,0.82,0.45,3.05,101.3583
550-009,"Tanjung Keling, Malaysia",1984,2018,35,96,2.53,1.19,0.83,0.39,2.215,102.1533
550-014,"Tanjung Gelang, Malaysia",1984,2018,35,99,3.34,0.47,1.1,0.15,3.975,103.43
550-017,"Cendering, Malaysia",1984,2018,35,91,3.45,0.59,1.13,0.19,5.265,103.1867
555-011,"Raffles Light House, Singapore",1973,2022,50,90,2.24,0.64,0.74,0.21,1.1667,103.75
555-021,"Sultan Shoal, Singapore",1969,2022,54,92,3.22,0.53,1.05,0.17,1.2333,103.65
555-051,"Sembawang, Singapore",1960,2022,63,83,1.74,0.39,0.57,0.13,1.4667,103.8333
580-012,"Bitung II, Indonesia",1986,2018,33,51,4.25,3.25,1.39,1.07,1.4333,125.2
600-021,"Ko Lak, Thailand",1940,2021,82,97,1.29,0.31,0.42,0.1,11.8,99.8167
600-041,"Fort Phrachula Chomklao, Thailand",1965,2018,54,95,16.87,0.87,5.53,0.29,13.55,100.5833
600-051,"Ko Sichang, Thailand",1940,2002,63,96,0.92,0.36,0.3,0.12,13.15,100.8167
605-021,"Vung Tau, Vietnam",1979,2013,35,99,3.7,0.96,1.21,0.31,10.3333,107.0667
605-041,"Quinhon, Vietnam",1977,2013,37,99,0.2,1.17,0.06,0.38,13.7667,109.25
605-051,"Danang, Vietnam",1978,2013,36,100,3.17,0.73,1.04,0.24,16.1,108.2167
605-081,"Hondau, Vietnam",1957,2013,57,100,2.05,0.46,0.67,0.15,20.6667,106.8
609-001,"Macau, China",1925,1985,61,98,0.26,0.5,0.08,0.16,22.2,113.55
610-002,"Zhapo, China",1959,2022,64,99,2.5,0.34,0.82,0.11,21.5833,111.8333
610-005,"Xiamen, China",1954,2004,51,100,1.12,0.55,0.37,0.18,24.45,118.0667
610-016,"Kanmen, China",1959,2022,64,98,2.57,0.3,0.84,0.1,28.0833,121.2833
610-032,"Lusi, China",1961,2020,60,84,5.16,0.43,1.69,0.14,32.1333,121.6167
610-039,"Qinhuangdao, China",1950,1994,45,99,-0.04,0.62,-0.01,0.2,39.9,119.6
610-044,"Dalian, China",1954,2022,69,82,2.75,0.38,0.9,0.13,38.8667,121.6833
611-010,"Quarry Bay, Hong Kong",1929,2022,94,79,1.62,0.39,0.53,0.13,22.2911,114.2133
611-014,"Tai Po Kau, China",1963,2022,60,95,3.32,0.51,1.09,0.17,22.4425,114.1839
611-017,"Tsim Bei Tsui, China",1974,2022,49,85,1.58,1.01,0.52,0.33,22.4872,114.0142
612-002,"Keelung II, Taiwan",1956,1995,40,100,0.45,0.77,0.15,0.25,25.1333,121.7333
620-011,"Incheon, Korea",1960,2022,63,92,1.69,0.46,0.55,0.15,37.4519,126.5922
620-027,"Mokpo, South Korea",1960,2022,63,99,3.83,0.41,1.26,0.13,34.7833,126.4
620-033,"Jeju, South Korea",1964,2022,59,99,5.12,0.31,1.68,0.1,33.5167,126.5333
620-036,"Yeosu, Korea",1966,2022,57,98,1.62,0.31,0.53,0.1,34.7472,127.7656
620-046,"Busan, South Korea",1960,2022,63,100,2.34,0.26,0.77,0.08,35.1,129.0333
620-051,"Ulsan, South Korea",1962,2022,61,98,1.52,0.4,0.5,0.13,35.5167,129.3833
620-061,"Mugho, South Korea",1965,2022,58,98,1.54,0.34,0.51,0.11,37.55,129.1167
625-011,"Wonsan, North Korea",1962,1992,31,100,1.28,0.81,0.42,0.27,39.1667,127.45
630-001,"Yuzhno Kurilsk, Russia",1948,1994,47,97,2.74,0.62,0.9,0.2,44.0167,145.8667
630-021,"Petropavlovsk-Kamchatsky, Russia",1957,2022,66,100,3.51,0.43,1.15,0.14,52.9833,158.65
641-003,"Abashiri, Japan",1965,2022,58,97,1.31,0.34,0.43,0.11,44.0167,144.2833
641-021,"Kushiro, Japan",1993,2022,30,98,1.99,0.82,0.65,0.27,42.9667,144.3833
641-031,"Hakodate I, Japan",1961,2022,62,99,-1.47,0.37,-0.48,0.12,41.7833,140.7333
641-061,"Wakkanai, Japan",1975,2022,48,100,3.31,0.34,1.09,0.11,45.4,141.6833
642-022,"Ofunato II, Japan",1974,2010,37,88,4.67,0.47,1.53,0.15,39.0197,141.7533
642-061,"Mera, Japan",1931,2022,92,96,3.76,0.16,1.23,0.05,34.9167,139.8333
642-091,"Aburatsubo, Japan",1930,2022,93,98,3.67,0.17,1.2,0.06,35.15,139.6167
642-141,"Kushimoto, Japan",1957,2022,66,99,4.15,0.44,1.36,0.14,33.4667,135.7833
645-011,"Hosojima, Japan",1930,2022,93,98,-0.07,0.24,-0.02,0.08,32.4333,131.6667
645-021,"Aburatsu, Japan",1960,2022,63,100,2.41,0.35,0.79,0.11,31.5667,131.4167
645-064,"Nagasaki, Japan",1965,2022,58,99,2.82,0.31,0.93,0.1,32.7333,129.8667
646-024,"Naha, Japan",1966,2022,57,100,2.24,0.5,0.74,0.17,26.2167,127.6667
647-023,"Hamada, Japan",1894,2022,129,98,0.95,0.17,0.31,0.06,34.8972,132.0661
647-068,"Toyama, Japan",1975,2022,48,99,3.72,0.39,1.22,0.13,36.7667,137.2167
647-071,"Wajima, Japan",1930,2022,93,98,0.22,0.2,0.07,0.07,37.4,136.9
648-001,"Chichijima, Japan",1975,2022,48,100,3.61,0.79,1.19,0.26,27.0833,142.1833
660-011,"Manila, Philippines",1963,2022,60,85,14.2,0.64,4.66,0.21,14.5833,120.9667
660-021,"Legaspi, Philippines",1947,2022,76,94,5.72,0.56,1.88,0.18,13.15,123.75
660-101,"Cebu, Philippines",1935,2022,88,80,1.86,0.65,0.61,0.21,10.3,123.9167
660-121,"Davao, Philippines",1948,2022,75,81,2.14,1.04,0.7,0.34,7.0833,125.6333
660-141,"Jolo, Philippines",1947,1996,50,87,0.19,1.1,0.06,0.36,6.0667,121.0
680-021,"Weipa, Australia",1966,2020,55,80,3.09,1.09,1.01,0.36,-12.6667,141.8667
680-041,"Cairns, Australia",1960,2020,61,78,1.74,0.4,0.57,0.13,-16.9167,145.7833
680-051,"Townsville, Australia",1959,2022,64,100,2.26,0.32,0.74,0.1,-19.25,146.8333
680-061,"Mackay, Australia",1960,2020,61,79,2.29,0.4,0.75,0.13,-21.1,149.2333
680-073,"Bundaberg, Australia",1966,2022,57,98,2.22,0.46,0.73,0.15,-24.7667,152.3833
680-078,"Brisbane, Australia",1966,2022,57,90,1.54,0.53,0.51,0.17,-27.3667,153.1667
680-135,"Newcastle III & V, Australia",1925,2020,96,92,1.95,0.23,0.64,0.08,-32.9167,151.8
680-140,"Sydney, Fort Denison 1 & 2, Australia",1886,2022,137,99,0.8,0.1,0.26,0.03,-33.8547,151.2258
680-151,"Camp Cove, Australia",1948,1989,42,96,0.38,0.47,0.13,0.15,-33.8333,151.2833
680-275,"Victor Harbour, Australia",1965,2020,56,96,1.44,0.54,0.47,0.18,-35.5625,138.6354
680-311,"Port Adelaide (Outer Harbor), Australia",1940,2020,81,98,2.29,0.29,0.75,0.1,-34.7798,138.4807
680-391,"Port Pirie, Australia",1941,2020,80,99,1.19,0.32,0.39,0.1,-33.1776,138.0116
680-431,"Port Lincoln, Australia",1965,2020,56,99,1.87,0.45,0.61,0.15,-34.7159,135.87
680-461,"Bunbury, Australia",1957,2020,64,94,1.64,0.54,0.54,0.18,-33.3234,115.66
680-471,"Fremantle, Australia",1897,2022,126,93,1.8,0.22,0.59,0.07,-32.066,115.748
680-479,"Carnarvon, Australia",1965,2020,56,85,2.45,1.06,0.8,0.35,-24.8987,113.651
680-494,"Port Hedland, Australia",1966,2020,55,93,2.28,1.27,0.75,0.42,-20.3176,118.5744
690-002,"Auckland II, New Zealand",1903,2000,98,97,1.29,0.2,0.42,0.07,-36.85,174.7667
690-006,"Tauranga (Salisbury Wharf), New Zealand",1984,2021,38,90,3.99,0.78,1.31,0.26,-37.641,176.1811
690-011,"Wellington, New Zealand",1944,2021,78,96,2.74,0.23,0.9,0.08,-41.2833,174.7833
690-021,"Port Lyttelton, New Zealand",1923,2021,99,91,2.9,0.19,0.95,0.06,-43.6056,172.7219
690-041,"Bluff/Southland Harbour, New Zealand",1917,2021,105,33,1.82,0.22,0.6,0.07,-46.6,168.35
690-081,"Port Taranaki, New Zealand",1955,2021,67,82,1.77,0.69,0.58,0.23,-39.0562,174.0344
690-105,"Whangarei Harbour (Marsden Point), New Zealand",1964,2021,58,59,3.58,1.09,1.18,0.36,-35.7574,174.35
700-011,"Saipan, Northern Mariana Islands",1978,2018,41,90,1.81,1.85,0.59,0.61,15.2333,145.75
710-001,"Chuuk, Federated States of Micronesia",1947,1995,49,86,0.31,1.73,0.1,0.57,7.4467,151.8467
710-026,"Kapingamarangi, Federated States Of Micronesia",1978,2018,41,84,3.44,1.9,1.13,0.62,1.1,154.7833
710-032,"Pohnpei C, Federated States of Micronesia",1974,2022,21,95,2.95,2.75,0.97,0.9,6.9805,158.2002
711-021,"Malakal B, Palau",1969,2018,50,97,2.0,2.39,0.66,0.78,7.3333,134.4667
715-002,"Nauru-B",1974,2022,30,94,3.51,2.18,1.15,0.72,-0.5294,166.91
720-017,"Majuro C, Marshall Islands",1968,2022,30,95,3.78,1.6,1.24,0.52,7.106,171.3728
730-009,"Betio, Kiribati",1974,2022,30,83,2.34,2.83,0.77,0.93,1.3651,172.933
732-012,"Funafuti B, Tuvalu",1977,2022,30,96,3.92,2.55,1.29,0.84,-8.5025,179.1952
734-004,"Honiara B, Solomon Islands",1974,2022,29,98,3.65,3.64,1.2,1.19,-9.4289,159.9554
742-014,"Suva-B, Fiji",1972,2022,26,95,7.95,1.68,2.61,0.55,-18.1325,178.4275
750-012,"Kanton Island B, Kiribati",1949,2018,47,83,1.57,1.27,0.52,0.42,-2.8167,-171.7167
760-011,"Johnston Island, USA",1947,2018,72,91,1.09,0.39,0.36,0.13,16.738,-169.53
760-017,"French Frigate Shoals B, USA",1974,2018,12,90,2.27,2.02,0.75,0.66,23.8683,-166.2883
770-022,"Christmas Island II, Kiribati",1956,2018,47,90,1.14,1.75,0.38,0.57,1.9833,-157.4833
775-001,"Penrhyn, Cook Islands",1977,2018,42,96,2.37,1.41,0.78,0.46,-9.0167,-158.0667
780-011,"Papeete-B, Fare Ute Point, French Polynesia",1976,2018,43,99,2.59,0.72,0.85,0.24,-17.5333,-149.5667
805-011,"Nuku Hiva, French Polynesia",1982,2012,31,65,1.6,2.55,0.52,0.84,-8.9333,-140.0833
808-001,"Rikitea, French Polynesia",1969,2018,50,95,2.16,0.56,0.71,0.19,-23.1333,-134.95
810-003,"Easter Island E, Chile",1970,2020,51,84,0.08,0.82,0.03,0.27,-27.15,-109.45
822-001,"Prince Rupert, Canada",1909,2021,113,83,1.09,0.21,0.36,0.07,54.3167,-130.3333
822-008,"Queen Charlotte City, Canada",1957,2021,65,89,0.43,0.43,0.14,0.14,53.25,-132.0667
822-016,"Bella Bella, Canada",1961,2021,61,97,-0.1,0.48,-0.03,0.16,52.1667,-128.1333
822-020,"Port Hardy, Canada",1964,2021,58,98,-0.6,0.5,-0.2,0.16,50.7167,-127.4833
822-027,"Campbell River, Canada",1965,2020,56,89,-1.82,0.62,-0.6,0.2,50.0167,-125.2333
822-051,"Point Atkinson, Canada",1914,2021,108,79,0.96,0.21,0.32,0.07,49.3333,-123.25
822-071,"Vancouver, Canada",1909,2021,113,84,0.55,0.2,0.18,0.07,49.2833,-123.1167
822-098,"Patricia Bay, Canada",1976,2021,46,99,0.84,0.79,0.28,0.26,48.65,-123.45
822-101,"Victoria, Canada",1909,2021,113,99,0.75,0.17,0.25,0.06,48.4167,-123.3667
822-108,"Bamfield, Canada",1969,2021,53,98,-0.14,0.66,-0.05,0.22,48.85,-125.1333
822-116,"Tofino, Canada",1909,2021,113,79,-1.22,0.25,-0.4,0.08,49.15,-125.9167
830-001,"Ensenada, Mexico",1956,1990,35,98,2.34,1.36,0.77,0.45,31.85,-116.633
830-020,"Cabo San Lucas, Mexico",1973,2003,31,78,1.69,3.41,0.55,1.12,22.8833,-109.9
830-021,"La Paz, Mexico",1952,1984,33,79,1.62,1.48,0.53,0.48,24.1667,-110.35
830-031,"Guaymas, Mexico",1952,1989,38,87,4.08,1.23,1.34,0.4,27.9167,-110.9
830-081,"Acapulco, Mexico",1967,2012,46,70,7.47,2.1,2.45,0.69,16.8333,-99.9167
830-091,"Salina Cruz, Mexico",1952,1990,39,82,1.02,1.32,0.33,0.43,16.1667,-95.2
833-011,"Acajutla, El Salvador",1962,2001,40,99,2.37,2.51,0.78,0.82,13.5667,-89.8333
840-011,"Balboa, Panama",1908,2020,113,99,1.37,0.21,0.45,0.07,8.9667,-79.5667
845-012,"La Libertad II, Ecuador",1948,2003,56,96,-1.22,0.96,-0.4,0.31,-2.2,-80.9167
845-034,"Baltra, Ecuador",1985,2018,34,90,2.57,2.69,0.84,0.88,-0.4333,-90.2833
848-032,"Callao, Peru",1970,2017,48,99,-0.36,1.18,-0.12,0.39,-12.05,-77.15
850-001,"Arica, Chile",1950,1991,42,87,-1.42,1.38,-0.47,0.45,-18.4667,-70.3333
850-007,"Iquique, Chile",1984,2022,39,96,-0.7,1.04,-0.23,0.34,-20.2044,-70.1478
850-012,"Antofagasta, Chile",1945,2022,78,94,-0.87,0.32,-0.28,0.1,-23.65,-70.4
850-021,"Caldera, Chile",1950,1991,42,99,3.01,0.73,0.99,0.24,-27.0667,-70.8333
850-039,"Juan Fernandez, Chile",1985,2022,38,88,0.42,1.39,0.14,0.45,-33.6358,-78.8297
850-041,"Talcahuano, Chile",1949,2022,74,94,0.1,0.57,0.03,0.19,-36.6833,-73.1
850-048,"Corral, Chile",1985,2022,38,90,-1.22,1.37,-0.4,0.45,-39.8783,-73.4228
860-002,"Ushuaia II, Argentina",1957,2006,38,85,-2.15,0.82,-0.7,0.27,-54.8167,-68.2167
860-011,"Puerto Deseado, Argentina",1970,2021,52,45,1.73,0.72,0.57,0.24,-47.75,-65.9167
860-031,"Puerto Madryn, Argentina",1944,2021,78,69,3.26,0.52,1.07,0.17,-42.7667,-65.0333
860-081,"Quequen, Argentina",1918,1982,65,99,0.85,0.3,0.28,0.1,-38.5833,-58.7
860-101,"Mar Del Plata  (Naval Base), Argentina",1957,2022,66,96,1.28,0.35,0.42,0.11,-38.0333,-57.5167
860-151,"Buenos Aires, Argentina",1905,1987,83,100,1.57,0.3,0.51,0.1,-34.6,-58.3667
860-161,"Palermo, Argentina",1957,2021,65,98,1.92,0.51,0.63,0.17,-34.5667,-58.4
863-002,"Stanley II, Falkland Islands",1964,2013,50,49,0.67,0.47,0.22,0.16,-51.6833,-57.8167
870-011,"Montevideo, Uruguay",1938,2022,85,81,1.18,0.45,0.39,0.15,-34.9,-56.25
870-021,"Punta del Este, Uruguay",1964,1993,30,80,3.62,1.65,1.19,0.54,-34.9667,-54.95
870-031,"La Paloma, Uruguay",1955,2022,68,73,1.47,0.57,0.48,0.19,-34.65,-54.15
874-051,"Cananeia, Brazil",1954,2006,53,97,4.2,0.62,1.38,0.2,-25.0167,-47.9333
874-092,"Ilha Fiscal, Brazil",1963,2016,54,95,2.35,1.05,0.77,0.34,-22.9,-43.1667
902-021,"Cartagena, Colombia",1949,1992,44,96,5.31,0.37,1.74,0.12,10.4,-75.55
904-011,"Cristobal, Panama",1909,1980,72,100,1.41,0.21,0.46,0.07,9.35,-79.9167
912-021,"Fort-de-France, Martinique",1976,2021,46,43,2.47,0.61,0.81,0.2,14.6015,-61.0632
920-001,"Progreso, Mexico",1952,2013,62,54,3.69,0.78,1.21,0.26,21.3,-89.6667
920-011,"Ciudad del Carmen, Mexico",1956,1988,33,89,3.6,0.94,1.18,0.31,18.6333,-91.85
920-021,"Coatzacoalcos, Mexico",1952,1987,36,73,2.86,1.06,0.94,0.35,18.15,-94.4167
920-051,"Tuxpan, Mexico",1958,1990,33,73,2.64,1.45,0.87,0.48,21.0,-97.3333
930-031,"Gibara, Cuba",1974,2021,48,99,2.46,0.74,0.81,0.24,21.1167,-76.1333
930-051,"Guantanamo Bay, Cuba",1937,1971,35,92,1.65,0.78,0.54,0.26,19.9067,-75.1467
930-065,"Casilda, Cuba",1979,2017,39,66,1.76,0.99,0.58,0.32,21.7533,-79.9917
930-071,"Cabo San Antonio, Cuba",1971,2021,51,86,4.5,0.89,1.48,0.29,21.9,-84.9
941-002,"Settlement Point A, Bahamas",1985,2018,17,89,3.56,2.16,1.17,0.71,26.6833,-78.9833
970-001,"Saint John, N.B., Canada",1896,2021,126,77,2.15,0.18,0.7,0.06,45.2667,-66.0667
970-007,"Yarmouth, Canada",1965,2021,57,92,3.85,0.39,1.26,0.13,43.8333,-66.1333
970-011,"Halifax, Canada",1895,2014,120,79,3.19,0.13,1.05,0.04,44.6667,-63.5833
970-016,"North Sydney, Canada",1970,2021,52,97,3.99,0.39,1.31,0.13,46.2167,-60.25
970-031,"Charlottetown, Canada",1911,2021,111,82,3.3,0.14,1.08,0.05,46.2333,-63.1167
970-040,"Lower Escuminac, Canada",1973,2021,49,93,3.36,0.42,1.1,0.14,47.0833,-64.8833
970-054,"Riviere-Au-Renard, Canada",1968,2021,54,93,1.29,0.44,0.42,0.14,49.0,-64.3833
970-061,"Pointe-Au-Pere, Canada",1900,1983,84,79,-0.37,0.39,-0.12,0.13,48.5167,-68.4667
970-068,"St-Francois, Canada",1962,2021,60,96,0.52,0.58,0.17,0.19,47.0,-70.8167
970-071,"Quebec, Canada",1910,2012,103,75,-0.16,0.44,-0.05,0.14,46.8333,-71.1667
970-089,"Neuville, Canada",1914,2021,108,73,0.38,0.61,0.13,0.2,46.7,-71.5667
970-099,"Sept-Iles, Canada",1972,2021,50,90,0.38,0.54,0.12,0.18,50.2,-66.4
970-111,"Port Aux Basques, Canada",1959,2021,63,90,2.9,0.27,0.95,0.09,47.5667,-59.1333
970-116,"Argentia, Canada",1971,2021,51,91,2.73,0.4,0.9,0.13,47.3,-53.9833
970-121,"St. Johns, NFLD, Canada",1935,2021,87,76,2.19,0.34,0.72,0.11,47.5667,-52.7167
970-141,"Churchill, Canada",1940,2021,82,90,-8.87,0.49,-2.91,0.16,58.7667,-94.1833
970-162,"Alert, Canada",1965,2021,57,33,-2.39,1.34,-0.78,0.44,82.49,-62.32
970-211,"Tuktoyaktuk, Canada",1961,2021,61,46,3.31,0.99,1.09,0.32,69.4167,-132.9667
999-001,"Bahia Esperanza, Antarctica",1961,1993,33,35,-4.82,2.45,-1.58,0.8,-63.3,-56.9167
999-003,"Argentine Islands, Antarctica",1958,2018,61,98,1.29,0.35,0.42,0.11,-65.25,-64.2667
